,fxx,fyy,fxy,D,Result,Equation_(a*x**2 + b*y**2)/(x**2 + y**2 + 1),Equation_a*cos(x) + b*sin(y),Equation_a*exp(-x**2 - y**2),Equation_a*log(x**2 + 1) + b*y**2,Equation_a*sin(x) + b*y**2,Equation_a*x**2 + b*y**2,Equation_a*x**2 + b*y**2 + c*x*y,Equation_a*x**4 + b*y**2
0,-94,64,0,-6016.0,1,1.0,0.0,0.0,0.0,0.0,0.0,0.0,0.0
1,-78,-86,0,6708.0,3,1.0,0.0,0.0,0.0,0.0,0.0,0.0,0.0
2,-76,88,0,-6688.0,1,1.0,0.0,0.0,0.0,0.0,0.0,0.0,0.0
3,74,-96,0,-7104.0,1,1.0,0.0,0.0,0.0,0.0,0.0,0.0,0.0
4,-82,32,0,-2624.0,1,1.0,0.0,0.0,0.0,0.0,0.0,0.0,0.0
5,-68,34,0,-2312.0,1,1.0,0.0,0.0,0.0,0.0,0.0,0.0,0.0
6,56,56,0,3136.0,2,1.0,0.0,0.0,0.0,0.0,0.0,0.0,0.0
7,-50,60,0,-3000.0,1,1.0,0.0,0.0,0.0,0.0,0.0,0.0,0.0
8,44,-36,0,-1584.0,1,1.0,0.0,0.0,0.0,0.0,0.0,0.0,0.0
9,56,56,0,3136.0,2,1.0,0.0,0.0,0.0,0.0,0.0,0.0,0.0
10,74,-64,0,-4736.0,1,1.0,0.0,0.0,0.0,0.0,0.0,0.0,0.0
11,78,-60,0,-4680.0,1,1.0,0.0,0.0,0.0,0.0,0.0,0.0,0.0
12,4,-44,0,-176.0,1,1.0,0.0,0.0,0.0,0.0,0.0,0.0,0.0
13,-8,-82,0,656.0,3,1.0,0.0,0.0,0.0,0.0,0.0,0.0,0.0
14,64,42,0,2688.0,2,1.0,0.0,0.0,0.0,0.0,0.0,0.0,0.0
15,-100,50,0,-5000.0,1,1.0,0.0,0.0,0.0,0.0,0.0,0.0,0.0
16,-10,100,0,-1000.0,1,1.0,0.0,0.0,0.0,0.0,0.0,0.0,0.0
17,40,16,0,640.0,2,1.0,0.0,0.0,0.0,0.0,0.0,0.0,0.0
18,-74,-6,0,444.0,3,1.0,0.0,0.0,0.0,0.0,0.0,0.0,0.0
19,-70,38,0,-2660.0,1,1.0,0.0,0.0,0.0,0.0,0.0,0.0,0.0
20,-100,8,0,-800.0,1,1.0,0.0,0.0,0.0,0.0,0.0,0.0,0.0
21,92,-4,0,-368.0,1,1.0,0.0,0.0,0.0,0.0,0.0,0.0,0.0
22,40,22,0,880.0,2,1.0,0.0,0.0,0.0,0.0,0.0,0.0,0.0
23,-80,-70,0,5600.0,3,1.0,0.0,0.0,0.0,0.0,0.0,0.0,0.0
24,-72,96,0,-6912.0,1,1.0,0.0,0.0,0.0,0.0,0.0,0.0,0.0
25,-64,6,0,-384.0,1,1.0,0.0,0.0,0.0,0.0,0.0,0.0,0.0
26,72,-76,0,-5472.0,1,1.0,0.0,0.0,0.0,0.0,0.0,0.0,0.0
27,-34,-60,0,2040.0,3,1.0,0.0,0.0,0.0,0.0,0.0,0.0,0.0
28,84,-14,0,-1176.0,1,1.0,0.0,0.0,0.0,0.0,0.0,0.0,0.0
29,16,-66,0,-1056.0,1,1.0,0.0,0.0,0.0,0.0,0.0,0.0,0.0
30,-38,-32,0,1216.0,3,1.0,0.0,0.0,0.0,0.0,0.0,0.0,0.0
31,94,-10,0,-940.0,1,1.0,0.0,0.0,0.0,0.0,0.0,0.0,0.0
32,-18,-8,0,144.0,3,1.0,0.0,0.0,0.0,0.0,0.0,0.0,0.0
33,12,82,0,984.0,2,1.0,0.0,0.0,0.0,0.0,0.0,0.0,0.0
34,-56,44,0,-2464.0,1,1.0,0.0,0.0,0.0,0.0,0.0,0.0,0.0
35,70,98,0,6860.0,2,1.0,0.0,0.0,0.0,0.0,0.0,0.0,0.0
36,-46,34,0,-1564.0,1,1.0,0.0,0.0,0.0,0.0,0.0,0.0,0.0
37,94,-34,0,-3196.0,1,1.0,0.0,0.0,0.0,0.0,0.0,0.0,0.0
38,16,-50,0,-800.0,1,1.0,0.0,0.0,0.0,0.0,0.0,0.0,0.0
39,-8,-100,0,800.0,3,1.0,0.0,0.0,0.0,0.0,0.0,0.0,0.0
40,20,70,0,1400.0,2,1.0,0.0,0.0,0.0,0.0,0.0,0.0,0.0
41,-94,-26,0,2444.0,3,1.0,0.0,0.0,0.0,0.0,0.0,0.0,0.0
42,-12,34,0,-408.0,1,1.0,0.0,0.0,0.0,0.0,0.0,0.0,0.0
43,24,-24,0,-576.0,1,1.0,0.0,0.0,0.0,0.0,0.0,0.0,0.0
44,-82,70,0,-5740.0,1,1.0,0.0,0.0,0.0,0.0,0.0,0.0,0.0
45,-30,-32,0,960.0,3,1.0,0.0,0.0,0.0,0.0,0.0,0.0,0.0
46,30,72,0,2160.0,2,1.0,0.0,0.0,0.0,0.0,0.0,0.0,0.0
47,-42,-80,0,3360.0,3,1.0,0.0,0.0,0.0,0.0,0.0,0.0,0.0
48,76,8,0,608.0,2,1.0,0.0,0.0,0.0,0.0,0.0,0.0,0.0
49,92,46,0,4232.0,2,1.0,0.0,0.0,0.0,0.0,0.0,0.0,0.0
50,-4,-78,0,312.0,3,1.0,0.0,0.0,0.0,0.0,0.0,0.0,0.0
51,-94,70,0,-6580.0,1,1.0,0.0,0.0,0.0,0.0,0.0,0.0,0.0
52,6,32,0,192.0,2,1.0,0.0,0.0,0.0,0.0,0.0,0.0,0.0
53,44,-48,0,-2112.0,1,1.0,0.0,0.0,0.0,0.0,0.0,0.0,0.0
54,96,90,0,8640.0,2,1.0,0.0,0.0,0.0,0.0,0.0,0.0,0.0
55,-76,50,0,-3800.0,1,1.0,0.0,0.0,0.0,0.0,0.0,0.0,0.0
56,-10,100,0,-1000.0,1,1.0,0.0,0.0,0.0,0.0,0.0,0.0,0.0
57,-72,94,0,-6768.0,1,1.0,0.0,0.0,0.0,0.0,0.0,0.0,0.0
58,30,58,0,1740.0,2,1.0,0.0,0.0,0.0,0.0,0.0,0.0,0.0
59,34,6,0,204.0,2,1.0,0.0,0.0,0.0,0.0,0.0,0.0,0.0
60,-60,-66,0,3960.0,3,1.0,0.0,0.0,0.0,0.0,0.0,0.0,0.0
61,-52,-28,0,1456.0,3,1.0,0.0,0.0,0.0,0.0,0.0,0.0,0.0
62,-12,-36,0,432.0,3,1.0,0.0,0.0,0.0,0.0,0.0,0.0,0.0
63,8,-60,0,-480.0,1,1.0,0.0,0.0,0.0,0.0,0.0,0.0,0.0
64,88,32,0,2816.0,2,1.0,0.0,0.0,0.0,0.0,0.0,0.0,0.0
65,-80,42,0,-3360.0,1,1.0,0.0,0.0,0.0,0.0,0.0,0.0,0.0
66,2,-40,0,-80.0,1,1.0,0.0,0.0,0.0,0.0,0.0,0.0,0.0
67,36,-20,0,-720.0,1,1.0,0.0,0.0,0.0,0.0,0.0,0.0,0.0
68,94,30,0,2820.0,2,1.0,0.0,0.0,0.0,0.0,0.0,0.0,0.0
69,-70,-44,0,3080.0,3,1.0,0.0,0.0,0.0,0.0,0.0,0.0,0.0
70,-86,-60,0,5160.0,3,1.0,0.0,0.0,0.0,0.0,0.0,0.0,0.0
71,-54,76,0,-4104.0,1,1.0,0.0,0.0,0.0,0.0,0.0,0.0,0.0
72,-18,36,0,-648.0,1,1.0,0.0,0.0,0.0,0.0,0.0,0.0,0.0
73,-48,-68,0,3264.0,3,1.0,0.0,0.0,0.0,0.0,0.0,0.0,0.0
74,80,-98,0,-7840.0,1,1.0,0.0,0.0,0.0,0.0,0.0,0.0,0.0
75,-20,-36,0,720.0,3,0.0,1.0,0.0,0.0,0.0,0.0,0.0,0.0
76,19,33,0,627.0,2,0.0,1.0,0.0,0.0,0.0,0.0,0.0,0.0
77,17,-31,0,-527.0,1,0.0,1.0,0.0,0.0,0.0,0.0,0.0,0.0
78,34,7,0,238.0,2,0.0,1.0,0.0,0.0,0.0,0.0,0.0,0.0
79,-9,24,0,-216.0,1,0.0,1.0,0.0,0.0,0.0,0.0,0.0,0.0
80,-1,36,0,-36.0,1,0.0,1.0,0.0,0.0,0.0,0.0,0.0,0.0
81,14,-12,0,-168.0,1,0.0,1.0,0.0,0.0,0.0,0.0,0.0,0.0
82,27,-4,0,-108.0,1,0.0,1.0,0.0,0.0,0.0,0.0,0.0,0.0
83,37,25,0,925.0,2,0.0,1.0,0.0,0.0,0.0,0.0,0.0,0.0
84,-20,-6,0,120.0,3,0.0,1.0,0.0,0.0,0.0,0.0,0.0,0.0
85,-18,3,0,-54.0,1,0.0,1.0,0.0,0.0,0.0,0.0,0.0,0.0
86,-10,11,0,-110.0,1,0.0,1.0,0.0,0.0,0.0,0.0,0.0,0.0
87,-3,-5,0,15.0,3,0.0,1.0,0.0,0.0,0.0,0.0,0.0,0.0
88,25,47,0,1175.0,2,0.0,1.0,0.0,0.0,0.0,0.0,0.0,0.0
89,-31,-14,0,434.0,3,0.0,1.0,0.0,0.0,0.0,0.0,0.0,0.0
90,25,-29,0,-725.0,1,0.0,1.0,0.0,0.0,0.0,0.0,0.0,0.0
91,14,41,0,574.0,2,0.0,1.0,0.0,0.0,0.0,0.0,0.0,0.0
92,50,43,0,2150.0,2,0.0,1.0,0.0,0.0,0.0,0.0,0.0,0.0
93,36,41,0,1476.0,2,0.0,1.0,0.0,0.0,0.0,0.0,0.0,0.0
94,18,41,0,738.0,2,0.0,1.0,0.0,0.0,0.0,0.0,0.0,0.0
95,29,-42,0,-1218.0,1,0.0,1.0,0.0,0.0,0.0,0.0,0.0,0.0
96,-36,29,0,-1044.0,1,0.0,1.0,0.0,0.0,0.0,0.0,0.0,0.0
97,2,45,0,90.0,2,0.0,1.0,0.0,0.0,0.0,0.0,0.0,0.0
98,-2,-45,0,90.0,3,0.0,1.0,0.0,0.0,0.0,0.0,0.0,0.0
99,44,39,0,1716.0,2,0.0,1.0,0.0,0.0,0.0,0.0,0.0,0.0
100,-18,-46,0,828.0,3,0.0,1.0,0.0,0.0,0.0,0.0,0.0,0.0
101,-39,25,0,-975.0,1,0.0,1.0,0.0,0.0,0.0,0.0,0.0,0.0
102,34,-36,0,-1224.0,1,0.0,1.0,0.0,0.0,0.0,0.0,0.0,0.0
103,-28,3,0,-84.0,1,0.0,1.0,0.0,0.0,0.0,0.0,0.0,0.0
104,18,-3,0,-54.0,1,0.0,1.0,0.0,0.0,0.0,0.0,0.0,0.0
105,42,36,0,1512.0,2,0.0,1.0,0.0,0.0,0.0,0.0,0.0,0.0
106,18,-41,0,-738.0,1,0.0,1.0,0.0,0.0,0.0,0.0,0.0,0.0
107,5,18,0,90.0,2,0.0,1.0,0.0,0.0,0.0,0.0,0.0,0.0
108,49,36,0,1764.0,2,0.0,1.0,0.0,0.0,0.0,0.0,0.0,0.0
109,21,-29,0,-609.0,1,0.0,1.0,0.0,0.0,0.0,0.0,0.0,0.0
110,-42,2,0,-84.0,1,0.0,1.0,0.0,0.0,0.0,0.0,0.0,0.0
111,-37,25,0,-925.0,1,0.0,1.0,0.0,0.0,0.0,0.0,0.0,0.0
112,-32,-32,0,1024.0,3,0.0,1.0,0.0,0.0,0.0,0.0,0.0,0.0
113,-25,-47,0,1175.0,3,0.0,1.0,0.0,0.0,0.0,0.0,0.0,0.0
114,-19,-8,0,152.0,3,0.0,1.0,0.0,0.0,0.0,0.0,0.0,0.0
115,50,-43,0,-2150.0,1,0.0,1.0,0.0,0.0,0.0,0.0,0.0,0.0
116,-29,-42,0,1218.0,3,0.0,1.0,0.0,0.0,0.0,0.0,0.0,0.0
117,-22,21,0,-462.0,1,0.0,1.0,0.0,0.0,0.0,0.0,0.0,0.0
118,16,4,0,64.0,2,0.0,1.0,0.0,0.0,0.0,0.0,0.0,0.0
119,-29,42,0,-1218.0,1,0.0,1.0,0.0,0.0,0.0,0.0,0.0,0.0
120,-16,-4,0,64.0,3,0.0,1.0,0.0,0.0,0.0,0.0,0.0,0.0
121,9,-24,0,-216.0,1,0.0,1.0,0.0,0.0,0.0,0.0,0.0,0.0
122,28,-48,0,-1344.0,1,0.0,1.0,0.0,0.0,0.0,0.0,0.0,0.0
123,-27,-4,0,108.0,3,0.0,1.0,0.0,0.0,0.0,0.0,0.0,0.0
124,-28,-48,0,1344.0,3,0.0,1.0,0.0,0.0,0.0,0.0,0.0,0.0
125,31,-14,0,-434.0,1,0.0,1.0,0.0,0.0,0.0,0.0,0.0,0.0
126,-3,-49,0,147.0,3,0.0,1.0,0.0,0.0,0.0,0.0,0.0,0.0
127,18,3,0,54.0,2,0.0,1.0,0.0,0.0,0.0,0.0,0.0,0.0
128,19,-8,0,-152.0,1,0.0,1.0,0.0,0.0,0.0,0.0,0.0,0.0
129,-32,29,0,-928.0,1,0.0,1.0,0.0,0.0,0.0,0.0,0.0,0.0
130,-1,-8,0,8.0,3,0.0,1.0,0.0,0.0,0.0,0.0,0.0,0.0
131,-34,-16,0,544.0,3,0.0,1.0,0.0,0.0,0.0,0.0,0.0,0.0
132,50,43,0,2150.0,2,0.0,1.0,0.0,0.0,0.0,0.0,0.0,0.0
133,-42,-19,0,798.0,3,0.0,1.0,0.0,0.0,0.0,0.0,0.0,0.0
134,49,-36,0,-1764.0,1,0.0,1.0,0.0,0.0,0.0,0.0,0.0,0.0
135,-9,-24,0,216.0,3,0.0,1.0,0.0,0.0,0.0,0.0,0.0,0.0
136,10,11,0,110.0,2,0.0,1.0,0.0,0.0,0.0,0.0,0.0,0.0
137,-37,-25,0,925.0,3,0.0,1.0,0.0,0.0,0.0,0.0,0.0,0.0
138,-30,50,0,-1500.0,1,0.0,1.0,0.0,0.0,0.0,0.0,0.0,0.0
139,20,-6,0,-120.0,1,0.0,1.0,0.0,0.0,0.0,0.0,0.0,0.0
140,23,-38,0,-874.0,1,0.0,1.0,0.0,0.0,0.0,0.0,0.0,0.0
141,-8,-21,0,168.0,3,0.0,1.0,0.0,0.0,0.0,0.0,0.0,0.0
142,3,17,0,51.0,2,0.0,1.0,0.0,0.0,0.0,0.0,0.0,0.0
143,-10,-11,0,110.0,3,0.0,1.0,0.0,0.0,0.0,0.0,0.0,0.0
144,30,-50,0,-1500.0,1,0.0,1.0,0.0,0.0,0.0,0.0,0.0,0.0
145,27,4,0,108.0,2,0.0,1.0,0.0,0.0,0.0,0.0,0.0,0.0
146,5,22,0,110.0,2,0.0,1.0,0.0,0.0,0.0,0.0,0.0,0.0
147,-28,48,0,-1344.0,1,0.0,1.0,0.0,0.0,0.0,0.0,0.0,0.0
148,-42,19,0,-798.0,1,0.0,1.0,0.0,0.0,0.0,0.0,0.0,0.0
149,-34,44,0,-1496.0,1,0.0,1.0,0.0,0.0,0.0,0.0,0.0,0.0
150,-6,-6,0,36.0,3,0.0,0.0,1.0,0.0,0.0,0.0,0.0,0.0
151,76,76,0,5776.0,2,0.0,0.0,1.0,0.0,0.0,0.0,0.0,0.0
152,70,70,0,4900.0,2,0.0,0.0,1.0,0.0,0.0,0.0,0.0,0.0
153,-62,-62,0,3844.0,3,0.0,0.0,1.0,0.0,0.0,0.0,0.0,0.0
154,46,46,0,2116.0,2,0.0,0.0,1.0,0.0,0.0,0.0,0.0,0.0
155,-22,-22,0,484.0,3,0.0,0.0,1.0,0.0,0.0,0.0,0.0,0.0
156,-24,-24,0,576.0,3,0.0,0.0,1.0,0.0,0.0,0.0,0.0,0.0
157,-44,-44,0,1936.0,3,0.0,0.0,1.0,0.0,0.0,0.0,0.0,0.0
158,4,4,0,16.0,2,0.0,0.0,1.0,0.0,0.0,0.0,0.0,0.0
159,30,30,0,900.0,2,0.0,0.0,1.0,0.0,0.0,0.0,0.0,0.0
160,-42,-42,0,1764.0,3,0.0,0.0,1.0,0.0,0.0,0.0,0.0,0.0
161,-24,-24,0,576.0,3,0.0,0.0,1.0,0.0,0.0,0.0,0.0,0.0
162,-68,-68,0,4624.0,3,0.0,0.0,1.0,0.0,0.0,0.0,0.0,0.0
163,-10,-10,0,100.0,3,0.0,0.0,1.0,0.0,0.0,0.0,0.0,0.0
164,-26,-26,0,676.0,3,0.0,0.0,1.0,0.0,0.0,0.0,0.0,0.0
165,-60,-60,0,3600.0,3,0.0,0.0,1.0,0.0,0.0,0.0,0.0,0.0
166,62,62,0,3844.0,2,0.0,0.0,1.0,0.0,0.0,0.0,0.0,0.0
167,-62,-62,0,3844.0,3,0.0,0.0,1.0,0.0,0.0,0.0,0.0,0.0
168,30,30,0,900.0,2,0.0,0.0,1.0,0.0,0.0,0.0,0.0,0.0
169,-90,-90,0,8100.0,3,0.0,0.0,1.0,0.0,0.0,0.0,0.0,0.0
170,-68,-68,0,4624.0,3,0.0,0.0,1.0,0.0,0.0,0.0,0.0,0.0
171,36,36,0,1296.0,2,0.0,0.0,1.0,0.0,0.0,0.0,0.0,0.0
172,66,66,0,4356.0,2,0.0,0.0,1.0,0.0,0.0,0.0,0.0,0.0
173,-26,-26,0,676.0,3,0.0,0.0,1.0,0.0,0.0,0.0,0.0,0.0
174,32,32,0,1024.0,2,0.0,0.0,1.0,0.0,0.0,0.0,0.0,0.0
175,-66,-66,0,4356.0,3,0.0,0.0,1.0,0.0,0.0,0.0,0.0,0.0
176,-70,-70,0,4900.0,3,0.0,0.0,1.0,0.0,0.0,0.0,0.0,0.0
177,-8,-8,0,64.0,3,0.0,0.0,1.0,0.0,0.0,0.0,0.0,0.0
178,80,80,0,6400.0,2,0.0,0.0,1.0,0.0,0.0,0.0,0.0,0.0
179,28,28,0,784.0,2,0.0,0.0,1.0,0.0,0.0,0.0,0.0,0.0
180,-10,-10,0,100.0,3,0.0,0.0,1.0,0.0,0.0,0.0,0.0,0.0
181,66,66,0,4356.0,2,0.0,0.0,1.0,0.0,0.0,0.0,0.0,0.0
182,50,50,0,2500.0,2,0.0,0.0,1.0,0.0,0.0,0.0,0.0,0.0
183,6,6,0,36.0,2,0.0,0.0,1.0,0.0,0.0,0.0,0.0,0.0
184,80,80,0,6400.0,2,0.0,0.0,1.0,0.0,0.0,0.0,0.0,0.0
185,-82,-82,0,6724.0,3,0.0,0.0,1.0,0.0,0.0,0.0,0.0,0.0
186,20,20,0,400.0,2,0.0,0.0,1.0,0.0,0.0,0.0,0.0,0.0
187,24,24,0,576.0,2,0.0,0.0,1.0,0.0,0.0,0.0,0.0,0.0
188,28,28,0,784.0,2,0.0,0.0,1.0,0.0,0.0,0.0,0.0,0.0
189,78,78,0,6084.0,2,0.0,0.0,1.0,0.0,0.0,0.0,0.0,0.0
190,74,74,0,5476.0,2,0.0,0.0,1.0,0.0,0.0,0.0,0.0,0.0
191,74,74,0,5476.0,2,0.0,0.0,1.0,0.0,0.0,0.0,0.0,0.0
192,-4,-4,0,16.0,3,0.0,0.0,1.0,0.0,0.0,0.0,0.0,0.0
193,-32,-32,0,1024.0,3,0.0,0.0,1.0,0.0,0.0,0.0,0.0,0.0
194,96,96,0,9216.0,2,0.0,0.0,1.0,0.0,0.0,0.0,0.0,0.0
195,-68,-68,0,4624.0,3,0.0,0.0,1.0,0.0,0.0,0.0,0.0,0.0
196,28,28,0,784.0,2,0.0,0.0,1.0,0.0,0.0,0.0,0.0,0.0
197,24,24,0,576.0,2,0.0,0.0,1.0,0.0,0.0,0.0,0.0,0.0
198,64,64,0,4096.0,2,0.0,0.0,1.0,0.0,0.0,0.0,0.0,0.0
199,-6,-6,0,36.0,3,0.0,0.0,1.0,0.0,0.0,0.0,0.0,0.0
200,-18,-18,0,324.0,3,0.0,0.0,1.0,0.0,0.0,0.0,0.0,0.0
201,86,86,0,7396.0,2,0.0,0.0,1.0,0.0,0.0,0.0,0.0,0.0
202,64,64,0,4096.0,2,0.0,0.0,1.0,0.0,0.0,0.0,0.0,0.0
203,74,74,0,5476.0,2,0.0,0.0,1.0,0.0,0.0,0.0,0.0,0.0
204,4,4,0,16.0,2,0.0,0.0,1.0,0.0,0.0,0.0,0.0,0.0
205,-14,-14,0,196.0,3,0.0,0.0,1.0,0.0,0.0,0.0,0.0,0.0
206,-78,-78,0,6084.0,3,0.0,0.0,1.0,0.0,0.0,0.0,0.0,0.0
207,-38,-38,0,1444.0,3,0.0,0.0,1.0,0.0,0.0,0.0,0.0,0.0
208,52,52,0,2704.0,2,0.0,0.0,1.0,0.0,0.0,0.0,0.0,0.0
209,-8,-8,0,64.0,3,0.0,0.0,1.0,0.0,0.0,0.0,0.0,0.0
210,64,64,0,4096.0,2,0.0,0.0,1.0,0.0,0.0,0.0,0.0,0.0
211,30,30,0,900.0,2,0.0,0.0,1.0,0.0,0.0,0.0,0.0,0.0
212,28,28,0,784.0,2,0.0,0.0,1.0,0.0,0.0,0.0,0.0,0.0
213,-86,-86,0,7396.0,3,0.0,0.0,1.0,0.0,0.0,0.0,0.0,0.0
214,24,24,0,576.0,2,0.0,0.0,1.0,0.0,0.0,0.0,0.0,0.0
215,-50,-50,0,2500.0,3,0.0,0.0,1.0,0.0,0.0,0.0,0.0,0.0
216,-34,-34,0,1156.0,3,0.0,0.0,1.0,0.0,0.0,0.0,0.0,0.0
217,-46,-46,0,2116.0,3,0.0,0.0,1.0,0.0,0.0,0.0,0.0,0.0
218,-66,-66,0,4356.0,3,0.0,0.0,1.0,0.0,0.0,0.0,0.0,0.0
219,62,62,0,3844.0,2,0.0,0.0,1.0,0.0,0.0,0.0,0.0,0.0
220,42,42,0,1764.0,2,0.0,0.0,1.0,0.0,0.0,0.0,0.0,0.0
221,10,10,0,100.0,2,0.0,0.0,1.0,0.0,0.0,0.0,0.0,0.0
222,8,8,0,64.0,2,0.0,0.0,1.0,0.0,0.0,0.0,0.0,0.0
223,-62,-62,0,3844.0,3,0.0,0.0,1.0,0.0,0.0,0.0,0.0,0.0
224,8,8,0,64.0,2,0.0,0.0,1.0,0.0,0.0,0.0,0.0,0.0
225,10,-12,0,-120.0,1,0.0,0.0,0.0,1.0,0.0,0.0,0.0,0.0
226,-90,32,0,-2880.0,1,0.0,0.0,0.0,1.0,0.0,0.0,0.0,0.0
227,-62,-90,0,5580.0,3,0.0,0.0,0.0,1.0,0.0,0.0,0.0,0.0
228,-18,-16,0,288.0,3,0.0,0.0,0.0,1.0,0.0,0.0,0.0,0.0
229,46,-62,0,-2852.0,1,0.0,0.0,0.0,1.0,0.0,0.0,0.0,0.0
230,44,-44,0,-1936.0,1,0.0,0.0,0.0,1.0,0.0,0.0,0.0,0.0
231,-26,98,0,-2548.0,1,0.0,0.0,0.0,1.0,0.0,0.0,0.0,0.0
232,-2,-56,0,112.0,3,0.0,0.0,0.0,1.0,0.0,0.0,0.0,0.0
233,42,-42,0,-1764.0,1,0.0,0.0,0.0,1.0,0.0,0.0,0.0,0.0
234,46,60,0,2760.0,2,0.0,0.0,0.0,1.0,0.0,0.0,0.0,0.0
235,44,-8,0,-352.0,1,0.0,0.0,0.0,1.0,0.0,0.0,0.0,0.0
236,-32,-100,0,3200.0,3,0.0,0.0,0.0,1.0,0.0,0.0,0.0,0.0
237,16,-24,0,-384.0,1,0.0,0.0,0.0,1.0,0.0,0.0,0.0,0.0
238,-22,22,0,-484.0,1,0.0,0.0,0.0,1.0,0.0,0.0,0.0,0.0
239,96,12,0,1152.0,2,0.0,0.0,0.0,1.0,0.0,0.0,0.0,0.0
240,20,46,0,920.0,2,0.0,0.0,0.0,1.0,0.0,0.0,0.0,0.0
241,-52,20,0,-1040.0,1,0.0,0.0,0.0,1.0,0.0,0.0,0.0,0.0
242,-34,-20,0,680.0,3,0.0,0.0,0.0,1.0,0.0,0.0,0.0,0.0
243,54,36,0,1944.0,2,0.0,0.0,0.0,1.0,0.0,0.0,0.0,0.0
244,-66,-90,0,5940.0,3,0.0,0.0,0.0,1.0,0.0,0.0,0.0,0.0
245,26,-20,0,-520.0,1,0.0,0.0,0.0,1.0,0.0,0.0,0.0,0.0
246,-76,20,0,-1520.0,1,0.0,0.0,0.0,1.0,0.0,0.0,0.0,0.0
247,-86,-2,0,172.0,3,0.0,0.0,0.0,1.0,0.0,0.0,0.0,0.0
248,84,-58,0,-4872.0,1,0.0,0.0,0.0,1.0,0.0,0.0,0.0,0.0
249,76,-12,0,-912.0,1,0.0,0.0,0.0,1.0,0.0,0.0,0.0,0.0
250,62,20,0,1240.0,2,0.0,0.0,0.0,1.0,0.0,0.0,0.0,0.0
251,10,-70,0,-700.0,1,0.0,0.0,0.0,1.0,0.0,0.0,0.0,0.0
252,-46,-20,0,920.0,3,0.0,0.0,0.0,1.0,0.0,0.0,0.0,0.0
253,56,-84,0,-4704.0,1,0.0,0.0,0.0,1.0,0.0,0.0,0.0,0.0
254,-78,24,0,-1872.0,1,0.0,0.0,0.0,1.0,0.0,0.0,0.0,0.0
255,-30,44,0,-1320.0,1,0.0,0.0,0.0,1.0,0.0,0.0,0.0,0.0
256,54,-28,0,-1512.0,1,0.0,0.0,0.0,1.0,0.0,0.0,0.0,0.0
257,60,-74,0,-4440.0,1,0.0,0.0,0.0,1.0,0.0,0.0,0.0,0.0
258,98,38,0,3724.0,2,0.0,0.0,0.0,1.0,0.0,0.0,0.0,0.0
259,-70,-60,0,4200.0,3,0.0,0.0,0.0,1.0,0.0,0.0,0.0,0.0
260,40,-94,0,-3760.0,1,0.0,0.0,0.0,1.0,0.0,0.0,0.0,0.0
261,46,-40,0,-1840.0,1,0.0,0.0,0.0,1.0,0.0,0.0,0.0,0.0
262,22,-8,0,-176.0,1,0.0,0.0,0.0,1.0,0.0,0.0,0.0,0.0
263,-18,-22,0,396.0,3,0.0,0.0,0.0,1.0,0.0,0.0,0.0,0.0
264,36,-100,0,-3600.0,1,0.0,0.0,0.0,1.0,0.0,0.0,0.0,0.0
265,52,100,0,5200.0,2,0.0,0.0,0.0,1.0,0.0,0.0,0.0,0.0
266,60,88,0,5280.0,2,0.0,0.0,0.0,1.0,0.0,0.0,0.0,0.0
267,50,-70,0,-3500.0,1,0.0,0.0,0.0,1.0,0.0,0.0,0.0,0.0
268,-4,10,0,-40.0,1,0.0,0.0,0.0,1.0,0.0,0.0,0.0,0.0
269,24,8,0,192.0,2,0.0,0.0,0.0,1.0,0.0,0.0,0.0,0.0
270,-44,-58,0,2552.0,3,0.0,0.0,0.0,1.0,0.0,0.0,0.0,0.0
271,-94,96,0,-9024.0,1,0.0,0.0,0.0,1.0,0.0,0.0,0.0,0.0
272,84,-88,0,-7392.0,1,0.0,0.0,0.0,1.0,0.0,0.0,0.0,0.0
273,-92,10,0,-920.0,1,0.0,0.0,0.0,1.0,0.0,0.0,0.0,0.0
274,60,4,0,240.0,2,0.0,0.0,0.0,1.0,0.0,0.0,0.0,0.0
275,26,62,0,1612.0,2,0.0,0.0,0.0,1.0,0.0,0.0,0.0,0.0
276,-22,78,0,-1716.0,1,0.0,0.0,0.0,1.0,0.0,0.0,0.0,0.0
277,54,100,0,5400.0,2,0.0,0.0,0.0,1.0,0.0,0.0,0.0,0.0
278,-16,-52,0,832.0,3,0.0,0.0,0.0,1.0,0.0,0.0,0.0,0.0
279,94,-94,0,-8836.0,1,0.0,0.0,0.0,1.0,0.0,0.0,0.0,0.0
280,100,100,0,10000.0,2,0.0,0.0,0.0,1.0,0.0,0.0,0.0,0.0
281,42,8,0,336.0,2,0.0,0.0,0.0,1.0,0.0,0.0,0.0,0.0
282,58,86,0,4988.0,2,0.0,0.0,0.0,1.0,0.0,0.0,0.0,0.0
283,-86,78,0,-6708.0,1,0.0,0.0,0.0,1.0,0.0,0.0,0.0,0.0
284,80,26,0,2080.0,2,0.0,0.0,0.0,1.0,0.0,0.0,0.0,0.0
285,-48,76,0,-3648.0,1,0.0,0.0,0.0,1.0,0.0,0.0,0.0,0.0
286,10,40,0,400.0,2,0.0,0.0,0.0,1.0,0.0,0.0,0.0,0.0
287,10,20,0,200.0,2,0.0,0.0,0.0,1.0,0.0,0.0,0.0,0.0
288,-80,-70,0,5600.0,3,0.0,0.0,0.0,1.0,0.0,0.0,0.0,0.0
289,42,28,0,1176.0,2,0.0,0.0,0.0,1.0,0.0,0.0,0.0,0.0
290,90,-98,0,-8820.0,1,0.0,0.0,0.0,1.0,0.0,0.0,0.0,0.0
291,-28,52,0,-1456.0,1,0.0,0.0,0.0,1.0,0.0,0.0,0.0,0.0
292,-64,86,0,-5504.0,1,0.0,0.0,0.0,1.0,0.0,0.0,0.0,0.0
293,48,-72,0,-3456.0,1,0.0,0.0,0.0,1.0,0.0,0.0,0.0,0.0
294,-30,-50,0,1500.0,3,0.0,0.0,0.0,1.0,0.0,0.0,0.0,0.0
295,30,-34,0,-1020.0,1,0.0,0.0,0.0,1.0,0.0,0.0,0.0,0.0
296,74,-36,0,-2664.0,1,0.0,0.0,0.0,1.0,0.0,0.0,0.0,0.0
297,50,-12,0,-600.0,1,0.0,0.0,0.0,1.0,0.0,0.0,0.0,0.0
298,-62,-86,0,5332.0,3,0.0,0.0,0.0,1.0,0.0,0.0,0.0,0.0
299,-74,72,0,-5328.0,1,0.0,0.0,0.0,1.0,0.0,0.0,0.0,0.0
300,50,16,0,800.0,2,0.0,0.0,0.0,0.0,1.0,0.0,0.0,0.0
301,-7,10,0,-70.0,1,0.0,0.0,0.0,0.0,1.0,0.0,0.0,0.0
302,-13,74,0,-962.0,1,0.0,0.0,0.0,0.0,1.0,0.0,0.0,0.0
303,22,86,0,1892.0,2,0.0,0.0,0.0,0.0,1.0,0.0,0.0,0.0
304,16,58,0,928.0,2,0.0,0.0,0.0,0.0,1.0,0.0,0.0,0.0
305,-16,62,0,-992.0,1,0.0,0.0,0.0,0.0,1.0,0.0,0.0,0.0
306,-28,-50,0,1400.0,3,0.0,0.0,0.0,0.0,1.0,0.0,0.0,0.0
307,33,-24,0,-792.0,1,0.0,0.0,0.0,0.0,1.0,0.0,0.0,0.0
308,-22,-6,0,132.0,3,0.0,0.0,0.0,0.0,1.0,0.0,0.0,0.0
309,-8,-26,0,208.0,3,0.0,0.0,0.0,0.0,1.0,0.0,0.0,0.0
310,19,-22,0,-418.0,1,0.0,0.0,0.0,0.0,1.0,0.0,0.0,0.0
311,11,48,0,528.0,2,0.0,0.0,0.0,0.0,1.0,0.0,0.0,0.0
312,47,62,0,2914.0,2,0.0,0.0,0.0,0.0,1.0,0.0,0.0,0.0
313,26,-18,0,-468.0,1,0.0,0.0,0.0,0.0,1.0,0.0,0.0,0.0
314,7,10,0,70.0,2,0.0,0.0,0.0,0.0,1.0,0.0,0.0,0.0
315,33,-54,0,-1782.0,1,0.0,0.0,0.0,0.0,1.0,0.0,0.0,0.0
316,-19,-14,0,266.0,3,0.0,0.0,0.0,0.0,1.0,0.0,0.0,0.0
317,22,-6,0,-132.0,1,0.0,0.0,0.0,0.0,1.0,0.0,0.0,0.0
318,23,-64,0,-1472.0,1,0.0,0.0,0.0,0.0,1.0,0.0,0.0,0.0
319,26,60,0,1560.0,2,0.0,0.0,0.0,0.0,1.0,0.0,0.0,0.0
320,29,80,0,2320.0,2,0.0,0.0,0.0,0.0,1.0,0.0,0.0,0.0
321,40,96,0,3840.0,2,0.0,0.0,0.0,0.0,1.0,0.0,0.0,0.0
322,-42,92,0,-3864.0,1,0.0,0.0,0.0,0.0,1.0,0.0,0.0,0.0
323,-22,-62,0,1364.0,3,0.0,0.0,0.0,0.0,1.0,0.0,0.0,0.0
324,-1,-2,0,2.0,3,0.0,0.0,0.0,0.0,1.0,0.0,0.0,0.0
325,-18,-56,0,1008.0,3,0.0,0.0,0.0,0.0,1.0,0.0,0.0,0.0
326,41,96,0,3936.0,2,0.0,0.0,0.0,0.0,1.0,0.0,0.0,0.0
327,-5,60,0,-300.0,1,0.0,0.0,0.0,0.0,1.0,0.0,0.0,0.0
328,5,100,0,500.0,2,0.0,0.0,0.0,0.0,1.0,0.0,0.0,0.0
329,16,62,0,992.0,2,0.0,0.0,0.0,0.0,1.0,0.0,0.0,0.0
330,-25,44,0,-1100.0,1,0.0,0.0,0.0,0.0,1.0,0.0,0.0,0.0
331,1,-94,0,-94.0,1,0.0,0.0,0.0,0.0,1.0,0.0,0.0,0.0
332,28,-50,0,-1400.0,1,0.0,0.0,0.0,0.0,1.0,0.0,0.0,0.0
333,28,-10,0,-280.0,1,0.0,0.0,0.0,0.0,1.0,0.0,0.0,0.0
334,-44,80,0,-3520.0,1,0.0,0.0,0.0,0.0,1.0,0.0,0.0,0.0
335,-8,-34,0,272.0,3,0.0,0.0,0.0,0.0,1.0,0.0,0.0,0.0
336,25,-18,0,-450.0,1,0.0,0.0,0.0,0.0,1.0,0.0,0.0,0.0
337,42,92,0,3864.0,2,0.0,0.0,0.0,0.0,1.0,0.0,0.0,0.0
338,-28,-70,0,1960.0,3,0.0,0.0,0.0,0.0,1.0,0.0,0.0,0.0
339,25,14,0,350.0,2,0.0,0.0,0.0,0.0,1.0,0.0,0.0,0.0
340,5,60,0,300.0,2,0.0,0.0,0.0,0.0,1.0,0.0,0.0,0.0
341,6,-88,0,-528.0,1,0.0,0.0,0.0,0.0,1.0,0.0,0.0,0.0
342,29,4,0,116.0,2,0.0,0.0,0.0,0.0,1.0,0.0,0.0,0.0
343,-2,-86,0,172.0,3,0.0,0.0,0.0,0.0,1.0,0.0,0.0,0.0
344,-28,-10,0,280.0,3,0.0,0.0,0.0,0.0,1.0,0.0,0.0,0.0
345,-9,-30,0,270.0,3,0.0,0.0,0.0,0.0,1.0,0.0,0.0,0.0
346,-26,60,0,-1560.0,1,0.0,0.0,0.0,0.0,1.0,0.0,0.0,0.0
347,5,-80,0,-400.0,1,0.0,0.0,0.0,0.0,1.0,0.0,0.0,0.0
348,-23,-94,0,2162.0,3,0.0,0.0,0.0,0.0,1.0,0.0,0.0,0.0
349,-41,96,0,-3936.0,1,0.0,0.0,0.0,0.0,1.0,0.0,0.0,0.0
350,48,10,0,480.0,2,0.0,0.0,0.0,0.0,1.0,0.0,0.0,0.0
351,19,-14,0,-266.0,1,0.0,0.0,0.0,0.0,1.0,0.0,0.0,0.0
352,19,16,0,304.0,2,0.0,0.0,0.0,0.0,1.0,0.0,0.0,0.0
353,-16,68,0,-1088.0,1,0.0,0.0,0.0,0.0,1.0,0.0,0.0,0.0
354,49,48,0,2352.0,2,0.0,0.0,0.0,0.0,1.0,0.0,0.0,0.0
355,-19,16,0,-304.0,1,0.0,0.0,0.0,0.0,1.0,0.0,0.0,0.0
356,-29,80,0,-2320.0,1,0.0,0.0,0.0,0.0,1.0,0.0,0.0,0.0
357,-23,-18,0,414.0,3,0.0,0.0,0.0,0.0,1.0,0.0,0.0,0.0
358,-5,100,0,-500.0,1,0.0,0.0,0.0,0.0,1.0,0.0,0.0,0.0
359,-13,94,0,-1222.0,1,0.0,0.0,0.0,0.0,1.0,0.0,0.0,0.0
360,-49,48,0,-2352.0,1,0.0,0.0,0.0,0.0,1.0,0.0,0.0,0.0
361,-33,98,0,-3234.0,1,0.0,0.0,0.0,0.0,1.0,0.0,0.0,0.0
362,33,98,0,3234.0,2,0.0,0.0,0.0,0.0,1.0,0.0,0.0,0.0
363,25,44,0,1100.0,2,0.0,0.0,0.0,0.0,1.0,0.0,0.0,0.0
364,27,8,0,216.0,2,0.0,0.0,0.0,0.0,1.0,0.0,0.0,0.0
365,-36,96,0,-3456.0,1,0.0,0.0,0.0,0.0,1.0,0.0,0.0,0.0
366,-27,8,0,-216.0,1,0.0,0.0,0.0,0.0,1.0,0.0,0.0,0.0
367,42,52,0,2184.0,2,0.0,0.0,0.0,0.0,1.0,0.0,0.0,0.0
368,-22,88,0,-1936.0,1,0.0,0.0,0.0,0.0,1.0,0.0,0.0,0.0
369,-48,10,0,-480.0,1,0.0,0.0,0.0,0.0,1.0,0.0,0.0,0.0
370,19,-78,0,-1482.0,1,0.0,0.0,0.0,0.0,1.0,0.0,0.0,0.0
371,-25,14,0,-350.0,1,0.0,0.0,0.0,0.0,1.0,0.0,0.0,0.0
372,29,-26,0,-754.0,1,0.0,0.0,0.0,0.0,1.0,0.0,0.0,0.0
373,34,10,0,340.0,2,0.0,0.0,0.0,0.0,1.0,0.0,0.0,0.0
374,22,-100,0,-2200.0,1,0.0,0.0,0.0,0.0,1.0,0.0,0.0,0.0
375,-58,42,0,-2436.0,1,0.0,0.0,0.0,0.0,0.0,1.0,0.0,0.0
376,6,-82,0,-492.0,1,0.0,0.0,0.0,0.0,0.0,1.0,0.0,0.0
377,90,12,0,1080.0,2,0.0,0.0,0.0,0.0,0.0,1.0,0.0,0.0
378,-32,64,0,-2048.0,1,0.0,0.0,0.0,0.0,0.0,1.0,0.0,0.0
379,68,98,0,6664.0,2,0.0,0.0,0.0,0.0,0.0,1.0,0.0,0.0
380,90,94,0,8460.0,2,0.0,0.0,0.0,0.0,0.0,1.0,0.0,0.0
381,-88,58,0,-5104.0,1,0.0,0.0,0.0,0.0,0.0,1.0,0.0,0.0
382,-24,-100,0,2400.0,3,0.0,0.0,0.0,0.0,0.0,1.0,0.0,0.0
383,70,-42,0,-2940.0,1,0.0,0.0,0.0,0.0,0.0,1.0,0.0,0.0
384,-22,54,0,-1188.0,1,0.0,0.0,0.0,0.0,0.0,1.0,0.0,0.0
385,-84,-54,0,4536.0,3,0.0,0.0,0.0,0.0,0.0,1.0,0.0,0.0
386,28,90,0,2520.0,2,0.0,0.0,0.0,0.0,0.0,1.0,0.0,0.0
387,90,56,0,5040.0,2,0.0,0.0,0.0,0.0,0.0,1.0,0.0,0.0
388,-64,56,0,-3584.0,1,0.0,0.0,0.0,0.0,0.0,1.0,0.0,0.0
389,84,-8,0,-672.0,1,0.0,0.0,0.0,0.0,0.0,1.0,0.0,0.0
390,34,32,0,1088.0,2,0.0,0.0,0.0,0.0,0.0,1.0,0.0,0.0
391,74,16,0,1184.0,2,0.0,0.0,0.0,0.0,0.0,1.0,0.0,0.0
392,-56,-34,0,1904.0,3,0.0,0.0,0.0,0.0,0.0,1.0,0.0,0.0
393,72,-46,0,-3312.0,1,0.0,0.0,0.0,0.0,0.0,1.0,0.0,0.0
394,-54,-90,0,4860.0,3,0.0,0.0,0.0,0.0,0.0,1.0,0.0,0.0
395,38,-100,0,-3800.0,1,0.0,0.0,0.0,0.0,0.0,1.0,0.0,0.0
396,100,-20,0,-2000.0,1,0.0,0.0,0.0,0.0,0.0,1.0,0.0,0.0
397,-92,-58,0,5336.0,3,0.0,0.0,0.0,0.0,0.0,1.0,0.0,0.0
398,86,74,0,6364.0,2,0.0,0.0,0.0,0.0,0.0,1.0,0.0,0.0
399,-48,-74,0,3552.0,3,0.0,0.0,0.0,0.0,0.0,1.0,0.0,0.0
400,-44,2,0,-88.0,1,0.0,0.0,0.0,0.0,0.0,1.0,0.0,0.0
401,-44,-100,0,4400.0,3,0.0,0.0,0.0,0.0,0.0,1.0,0.0,0.0
402,20,76,0,1520.0,2,0.0,0.0,0.0,0.0,0.0,1.0,0.0,0.0
403,-30,90,0,-2700.0,1,0.0,0.0,0.0,0.0,0.0,1.0,0.0,0.0
404,-50,40,0,-2000.0,1,0.0,0.0,0.0,0.0,0.0,1.0,0.0,0.0
405,-70,-46,0,3220.0,3,0.0,0.0,0.0,0.0,0.0,1.0,0.0,0.0
406,-86,0,0,0.0,0,0.0,0.0,0.0,0.0,0.0,1.0,0.0,0.0
407,32,10,0,320.0,2,0.0,0.0,0.0,0.0,0.0,1.0,0.0,0.0
408,2,-74,0,-148.0,1,0.0,0.0,0.0,0.0,0.0,1.0,0.0,0.0
409,0,14,0,0.0,0,0.0,0.0,0.0,0.0,0.0,1.0,0.0,0.0
410,40,-20,0,-800.0,1,0.0,0.0,0.0,0.0,0.0,1.0,0.0,0.0
411,-2,98,0,-196.0,1,0.0,0.0,0.0,0.0,0.0,1.0,0.0,0.0
412,52,100,0,5200.0,2,0.0,0.0,0.0,0.0,0.0,1.0,0.0,0.0
413,20,-74,0,-1480.0,1,0.0,0.0,0.0,0.0,0.0,1.0,0.0,0.0
414,28,-24,0,-672.0,1,0.0,0.0,0.0,0.0,0.0,1.0,0.0,0.0
415,-70,16,0,-1120.0,1,0.0,0.0,0.0,0.0,0.0,1.0,0.0,0.0
416,-62,60,0,-3720.0,1,0.0,0.0,0.0,0.0,0.0,1.0,0.0,0.0
417,24,-98,0,-2352.0,1,0.0,0.0,0.0,0.0,0.0,1.0,0.0,0.0
418,52,72,0,3744.0,2,0.0,0.0,0.0,0.0,0.0,1.0,0.0,0.0
419,76,2,0,152.0,2,0.0,0.0,0.0,0.0,0.0,1.0,0.0,0.0
420,62,-22,0,-1364.0,1,0.0,0.0,0.0,0.0,0.0,1.0,0.0,0.0
421,48,96,0,4608.0,2,0.0,0.0,0.0,0.0,0.0,1.0,0.0,0.0
422,-60,-42,0,2520.0,3,0.0,0.0,0.0,0.0,0.0,1.0,0.0,0.0
423,-10,24,0,-240.0,1,0.0,0.0,0.0,0.0,0.0,1.0,0.0,0.0
424,30,-78,0,-2340.0,1,0.0,0.0,0.0,0.0,0.0,1.0,0.0,0.0
425,-90,26,0,-2340.0,1,0.0,0.0,0.0,0.0,0.0,1.0,0.0,0.0
426,-38,96,0,-3648.0,1,0.0,0.0,0.0,0.0,0.0,1.0,0.0,0.0
427,-26,-74,0,1924.0,3,0.0,0.0,0.0,0.0,0.0,1.0,0.0,0.0
428,-78,-26,0,2028.0,3,0.0,0.0,0.0,0.0,0.0,1.0,0.0,0.0
429,20,36,0,720.0,2,0.0,0.0,0.0,0.0,0.0,1.0,0.0,0.0
430,42,30,0,1260.0,2,0.0,0.0,0.0,0.0,0.0,1.0,0.0,0.0
431,-80,62,0,-4960.0,1,0.0,0.0,0.0,0.0,0.0,1.0,0.0,0.0
432,60,44,0,2640.0,2,0.0,0.0,0.0,0.0,0.0,1.0,0.0,0.0
433,-32,16,0,-512.0,1,0.0,0.0,0.0,0.0,0.0,1.0,0.0,0.0
434,34,-46,0,-1564.0,1,0.0,0.0,0.0,0.0,0.0,1.0,0.0,0.0
435,-86,-4,0,344.0,3,0.0,0.0,0.0,0.0,0.0,1.0,0.0,0.0
436,38,-72,0,-2736.0,1,0.0,0.0,0.0,0.0,0.0,1.0,0.0,0.0
437,-6,86,0,-516.0,1,0.0,0.0,0.0,0.0,0.0,1.0,0.0,0.0
438,86,28,0,2408.0,2,0.0,0.0,0.0,0.0,0.0,1.0,0.0,0.0
439,-90,58,0,-5220.0,1,0.0,0.0,0.0,0.0,0.0,1.0,0.0,0.0
440,-16,18,0,-288.0,1,0.0,0.0,0.0,0.0,0.0,1.0,0.0,0.0
441,76,-66,0,-5016.0,1,0.0,0.0,0.0,0.0,0.0,1.0,0.0,0.0
442,100,-50,0,-5000.0,1,0.0,0.0,0.0,0.0,0.0,1.0,0.0,0.0
443,-68,-34,0,2312.0,3,0.0,0.0,0.0,0.0,0.0,1.0,0.0,0.0
444,32,62,0,1984.0,2,0.0,0.0,0.0,0.0,0.0,1.0,0.0,0.0
445,56,30,0,1680.0,2,0.0,0.0,0.0,0.0,0.0,1.0,0.0,0.0
446,22,6,0,132.0,2,0.0,0.0,0.0,0.0,0.0,1.0,0.0,0.0
447,-78,-76,0,5928.0,3,0.0,0.0,0.0,0.0,0.0,1.0,0.0,0.0
448,96,-54,0,-5184.0,1,0.0,0.0,0.0,0.0,0.0,1.0,0.0,0.0
449,78,-90,0,-7020.0,1,0.0,0.0,0.0,0.0,0.0,1.0,0.0,0.0
450,-32,-84,11,2567.0,3,0.0,0.0,0.0,0.0,0.0,0.0,1.0,0.0
451,-4,-90,-23,-169.0,1,0.0,0.0,0.0,0.0,0.0,0.0,1.0,0.0
452,-24,90,21,-2601.0,1,0.0,0.0,0.0,0.0,0.0,0.0,1.0,0.0
453,-50,-98,30,4000.0,3,0.0,0.0,0.0,0.0,0.0,0.0,1.0,0.0
454,-42,-100,4,4184.0,3,0.0,0.0,0.0,0.0,0.0,0.0,1.0,0.0
455,-10,64,-50,-3140.0,1,0.0,0.0,0.0,0.0,0.0,0.0,1.0,0.0
456,74,66,2,4880.0,2,0.0,0.0,0.0,0.0,0.0,0.0,1.0,0.0
457,-68,70,40,-6360.0,1,0.0,0.0,0.0,0.0,0.0,0.0,1.0,0.0
458,-46,-64,-28,2160.0,3,0.0,0.0,0.0,0.0,0.0,0.0,1.0,0.0
459,-88,4,4,-368.0,1,0.0,0.0,0.0,0.0,0.0,0.0,1.0,0.0
460,-54,2,16,-364.0,1,0.0,0.0,0.0,0.0,0.0,0.0,1.0,0.0
461,76,40,-31,2079.0,2,0.0,0.0,0.0,0.0,0.0,0.0,1.0,0.0
462,88,-74,45,-8537.0,1,0.0,0.0,0.0,0.0,0.0,0.0,1.0,0.0
463,-88,-96,26,7772.0,3,0.0,0.0,0.0,0.0,0.0,0.0,1.0,0.0
464,58,-64,50,-6212.0,1,0.0,0.0,0.0,0.0,0.0,0.0,1.0,0.0
465,56,12,-19,311.0,2,0.0,0.0,0.0,0.0,0.0,0.0,1.0,0.0
466,-56,22,44,-3168.0,1,0.0,0.0,0.0,0.0,0.0,0.0,1.0,0.0
467,90,-52,-5,-4705.0,1,0.0,0.0,0.0,0.0,0.0,0.0,1.0,0.0
468,26,-88,-13,-2457.0,1,0.0,0.0,0.0,0.0,0.0,0.0,1.0,0.0
469,62,-88,22,-5940.0,1,0.0,0.0,0.0,0.0,0.0,0.0,1.0,0.0
470,-82,-34,25,2163.0,3,0.0,0.0,0.0,0.0,0.0,0.0,1.0,0.0
471,-60,-52,23,2591.0,3,0.0,0.0,0.0,0.0,0.0,0.0,1.0,0.0
472,-40,-80,-3,3191.0,3,0.0,0.0,0.0,0.0,0.0,0.0,1.0,0.0
473,90,-74,-42,-8424.0,1,0.0,0.0,0.0,0.0,0.0,0.0,1.0,0.0
474,-94,24,-26,-2932.0,1,0.0,0.0,0.0,0.0,0.0,0.0,1.0,0.0
475,-86,76,26,-7212.0,1,0.0,0.0,0.0,0.0,0.0,0.0,1.0,0.0
476,46,74,13,3235.0,2,0.0,0.0,0.0,0.0,0.0,0.0,1.0,0.0
477,-48,46,-45,-4233.0,1,0.0,0.0,0.0,0.0,0.0,0.0,1.0,0.0
478,-84,50,-12,-4344.0,1,0.0,0.0,0.0,0.0,0.0,0.0,1.0,0.0
479,84,80,-45,4695.0,2,0.0,0.0,0.0,0.0,0.0,0.0,1.0,0.0
480,-62,-54,-45,1323.0,3,0.0,0.0,0.0,0.0,0.0,0.0,1.0,0.0
481,-48,64,23,-3601.0,1,0.0,0.0,0.0,0.0,0.0,0.0,1.0,0.0
482,-74,20,33,-2569.0,1,0.0,0.0,0.0,0.0,0.0,0.0,1.0,0.0
483,-96,74,3,-7113.0,1,0.0,0.0,0.0,0.0,0.0,0.0,1.0,0.0
484,2,-54,4,-124.0,1,0.0,0.0,0.0,0.0,0.0,0.0,1.0,0.0
485,88,-30,7,-2689.0,1,0.0,0.0,0.0,0.0,0.0,0.0,1.0,0.0
486,-86,90,33,-8829.0,1,0.0,0.0,0.0,0.0,0.0,0.0,1.0,0.0
487,-4,82,-21,-769.0,1,0.0,0.0,0.0,0.0,0.0,0.0,1.0,0.0
488,2,-42,0,-84.0,1,0.0,0.0,0.0,0.0,0.0,0.0,1.0,0.0
489,-20,94,-34,-3036.0,1,0.0,0.0,0.0,0.0,0.0,0.0,1.0,0.0
490,4,14,5,31.0,2,0.0,0.0,0.0,0.0,0.0,0.0,1.0,0.0
491,-14,32,-5,-473.0,1,0.0,0.0,0.0,0.0,0.0,0.0,1.0,0.0
492,28,90,32,1496.0,2,0.0,0.0,0.0,0.0,0.0,0.0,1.0,0.0
493,14,52,-3,719.0,2,0.0,0.0,0.0,0.0,0.0,0.0,1.0,0.0
494,34,44,42,-268.0,1,0.0,0.0,0.0,0.0,0.0,0.0,1.0,0.0
495,54,74,-4,3980.0,2,0.0,0.0,0.0,0.0,0.0,0.0,1.0,0.0
496,-44,38,3,-1681.0,1,0.0,0.0,0.0,0.0,0.0,0.0,1.0,0.0
497,-54,-64,0,3456.0,3,0.0,0.0,0.0,0.0,0.0,0.0,1.0,0.0
498,72,-28,20,-2416.0,1,0.0,0.0,0.0,0.0,0.0,0.0,1.0,0.0
499,28,-38,-39,-2585.0,1,0.0,0.0,0.0,0.0,0.0,0.0,1.0,0.0
500,-32,-30,-41,-721.0,1,0.0,0.0,0.0,0.0,0.0,0.0,1.0,0.0
501,-58,-86,38,3544.0,3,0.0,0.0,0.0,0.0,0.0,0.0,1.0,0.0
502,64,34,-29,1335.0,2,0.0,0.0,0.0,0.0,0.0,0.0,1.0,0.0
503,-56,-72,31,3071.0,3,0.0,0.0,0.0,0.0,0.0,0.0,1.0,0.0
504,6,-92,27,-1281.0,1,0.0,0.0,0.0,0.0,0.0,0.0,1.0,0.0
505,-40,-6,-2,236.0,3,0.0,0.0,0.0,0.0,0.0,0.0,1.0,0.0
506,36,98,30,2628.0,2,0.0,0.0,0.0,0.0,0.0,0.0,1.0,0.0
507,88,44,-32,2848.0,2,0.0,0.0,0.0,0.0,0.0,0.0,1.0,0.0
508,62,-48,40,-4576.0,1,0.0,0.0,0.0,0.0,0.0,0.0,1.0,0.0
509,22,-82,34,-2960.0,1,0.0,0.0,0.0,0.0,0.0,0.0,1.0,0.0
510,100,10,8,936.0,2,0.0,0.0,0.0,0.0,0.0,0.0,1.0,0.0
511,100,16,-43,-249.0,1,0.0,0.0,0.0,0.0,0.0,0.0,1.0,0.0
512,-58,-60,-34,2324.0,3,0.0,0.0,0.0,0.0,0.0,0.0,1.0,0.0
513,96,-32,39,-4593.0,1,0.0,0.0,0.0,0.0,0.0,0.0,1.0,0.0
514,52,84,7,4319.0,2,0.0,0.0,0.0,0.0,0.0,0.0,1.0,0.0
515,70,78,-36,4164.0,2,0.0,0.0,0.0,0.0,0.0,0.0,1.0,0.0
516,-54,20,41,-2761.0,1,0.0,0.0,0.0,0.0,0.0,0.0,1.0,0.0
517,40,-16,43,-2489.0,1,0.0,0.0,0.0,0.0,0.0,0.0,1.0,0.0
518,74,58,37,2923.0,2,0.0,0.0,0.0,0.0,0.0,0.0,1.0,0.0
519,60,54,-38,1796.0,2,0.0,0.0,0.0,0.0,0.0,0.0,1.0,0.0
520,-34,-54,10,1736.0,3,0.0,0.0,0.0,0.0,0.0,0.0,1.0,0.0
521,6,-16,-16,-352.0,1,0.0,0.0,0.0,0.0,0.0,0.0,1.0,0.0
522,-24,-92,50,-292.0,1,0.0,0.0,0.0,0.0,0.0,0.0,1.0,0.0
523,72,94,-39,5247.0,2,0.0,0.0,0.0,0.0,0.0,0.0,1.0,0.0
524,-78,42,37,-4645.0,1,0.0,0.0,0.0,0.0,0.0,0.0,1.0,0.0
525,0,-36,0,0.0,0,0.0,0.0,0.0,0.0,0.0,0.0,0.0,1.0
526,0,-48,0,0.0,0,0.0,0.0,0.0,0.0,0.0,0.0,0.0,1.0
527,0,96,0,0.0,0,0.0,0.0,0.0,0.0,0.0,0.0,0.0,1.0
528,0,-14,0,0.0,0,0.0,0.0,0.0,0.0,0.0,0.0,0.0,1.0
529,0,-64,0,0.0,0,0.0,0.0,0.0,0.0,0.0,0.0,0.0,1.0
530,0,86,0,0.0,0,0.0,0.0,0.0,0.0,0.0,0.0,0.0,1.0
531,0,100,0,0.0,0,0.0,0.0,0.0,0.0,0.0,0.0,0.0,1.0
532,0,8,0,0.0,0,0.0,0.0,0.0,0.0,0.0,0.0,0.0,1.0
533,0,10,0,0.0,0,0.0,0.0,0.0,0.0,0.0,0.0,0.0,1.0
534,0,-42,0,0.0,0,0.0,0.0,0.0,0.0,0.0,0.0,0.0,1.0
535,0,-42,0,0.0,0,0.0,0.0,0.0,0.0,0.0,0.0,0.0,1.0
536,0,90,0,0.0,0,0.0,0.0,0.0,0.0,0.0,0.0,0.0,1.0
537,0,-88,0,0.0,0,0.0,0.0,0.0,0.0,0.0,0.0,0.0,1.0
538,0,-8,0,0.0,0,0.0,0.0,0.0,0.0,0.0,0.0,0.0,1.0
539,0,-12,0,0.0,0,0.0,0.0,0.0,0.0,0.0,0.0,0.0,1.0
540,0,2,0,0.0,0,0.0,0.0,0.0,0.0,0.0,0.0,0.0,1.0
541,0,8,0,0.0,0,0.0,0.0,0.0,0.0,0.0,0.0,0.0,1.0
542,0,-8,0,0.0,0,0.0,0.0,0.0,0.0,0.0,0.0,0.0,1.0
543,0,86,0,0.0,0,0.0,0.0,0.0,0.0,0.0,0.0,0.0,1.0
544,0,-22,0,0.0,0,0.0,0.0,0.0,0.0,0.0,0.0,0.0,1.0
545,0,-72,0,0.0,0,0.0,0.0,0.0,0.0,0.0,0.0,0.0,1.0
546,0,-18,0,0.0,0,0.0,0.0,0.0,0.0,0.0,0.0,0.0,1.0
547,0,-74,0,0.0,0,0.0,0.0,0.0,0.0,0.0,0.0,0.0,1.0
548,0,-40,0,0.0,0,0.0,0.0,0.0,0.0,0.0,0.0,0.0,1.0
549,0,-8,0,0.0,0,0.0,0.0,0.0,0.0,0.0,0.0,0.0,1.0
550,0,60,0,0.0,0,0.0,0.0,0.0,0.0,0.0,0.0,0.0,1.0
551,0,24,0,0.0,0,0.0,0.0,0.0,0.0,0.0,0.0,0.0,1.0
552,0,64,0,0.0,0,0.0,0.0,0.0,0.0,0.0,0.0,0.0,1.0
553,0,-60,0,0.0,0,0.0,0.0,0.0,0.0,0.0,0.0,0.0,1.0
554,0,46,0,0.0,0,0.0,0.0,0.0,0.0,0.0,0.0,0.0,1.0
555,0,14,0,0.0,0,0.0,0.0,0.0,0.0,0.0,0.0,0.0,1.0
556,0,88,0,0.0,0,0.0,0.0,0.0,0.0,0.0,0.0,0.0,1.0
557,0,94,0,0.0,0,0.0,0.0,0.0,0.0,0.0,0.0,0.0,1.0
558,0,-86,0,0.0,0,0.0,0.0,0.0,0.0,0.0,0.0,0.0,1.0
559,0,-98,0,0.0,0,0.0,0.0,0.0,0.0,0.0,0.0,0.0,1.0
560,0,76,0,0.0,0,0.0,0.0,0.0,0.0,0.0,0.0,0.0,1.0
561,0,72,0,0.0,0,0.0,0.0,0.0,0.0,0.0,0.0,0.0,1.0
562,0,48,0,0.0,0,0.0,0.0,0.0,0.0,0.0,0.0,0.0,1.0
563,0,-52,0,0.0,0,0.0,0.0,0.0,0.0,0.0,0.0,0.0,1.0
564,0,-34,0,0.0,0,0.0,0.0,0.0,0.0,0.0,0.0,0.0,1.0
565,0,50,0,0.0,0,0.0,0.0,0.0,0.0,0.0,0.0,0.0,1.0
566,0,56,0,0.0,0,0.0,0.0,0.0,0.0,0.0,0.0,0.0,1.0
567,0,-32,0,0.0,0,0.0,0.0,0.0,0.0,0.0,0.0,0.0,1.0
568,0,-84,0,0.0,0,0.0,0.0,0.0,0.0,0.0,0.0,0.0,1.0
569,0,-4,0,0.0,0,0.0,0.0,0.0,0.0,0.0,0.0,0.0,1.0
570,0,-96,0,0.0,0,0.0,0.0,0.0,0.0,0.0,0.0,0.0,1.0
571,0,72,0,0.0,0,0.0,0.0,0.0,0.0,0.0,0.0,0.0,1.0
572,0,8,0,0.0,0,0.0,0.0,0.0,0.0,0.0,0.0,0.0,1.0
573,0,-12,0,0.0,0,0.0,0.0,0.0,0.0,0.0,0.0,0.0,1.0
574,0,-46,0,0.0,0,0.0,0.0,0.0,0.0,0.0,0.0,0.0,1.0
575,0,-96,0,0.0,0,0.0,0.0,0.0,0.0,0.0,0.0,0.0,1.0
576,0,56,0,0.0,0,0.0,0.0,0.0,0.0,0.0,0.0,0.0,1.0
577,0,86,0,0.0,0,0.0,0.0,0.0,0.0,0.0,0.0,0.0,1.0
578,0,16,0,0.0,0,0.0,0.0,0.0,0.0,0.0,0.0,0.0,1.0
579,0,-74,0,0.0,0,0.0,0.0,0.0,0.0,0.0,0.0,0.0,1.0
580,0,-66,0,0.0,0,0.0,0.0,0.0,0.0,0.0,0.0,0.0,1.0
581,0,18,0,0.0,0,0.0,0.0,0.0,0.0,0.0,0.0,0.0,1.0
582,0,28,0,0.0,0,0.0,0.0,0.0,0.0,0.0,0.0,0.0,1.0
583,0,38,0,0.0,0,0.0,0.0,0.0,0.0,0.0,0.0,0.0,1.0
584,0,-92,0,0.0,0,0.0,0.0,0.0,0.0,0.0,0.0,0.0,1.0
585,0,30,0,0.0,0,0.0,0.0,0.0,0.0,0.0,0.0,0.0,1.0
586,0,-62,0,0.0,0,0.0,0.0,0.0,0.0,0.0,0.0,0.0,1.0
587,0,72,0,0.0,0,0.0,0.0,0.0,0.0,0.0,0.0,0.0,1.0
588,0,84,0,0.0,0,0.0,0.0,0.0,0.0,0.0,0.0,0.0,1.0
589,0,12,0,0.0,0,0.0,0.0,0.0,0.0,0.0,0.0,0.0,1.0
590,0,54,0,0.0,0,0.0,0.0,0.0,0.0,0.0,0.0,0.0,1.0
591,0,76,0,0.0,0,0.0,0.0,0.0,0.0,0.0,0.0,0.0,1.0
592,0,-20,0,0.0,0,0.0,0.0,0.0,0.0,0.0,0.0,0.0,1.0
593,0,16,0,0.0,0,0.0,0.0,0.0,0.0,0.0,0.0,0.0,1.0
594,0,-14,0,0.0,0,0.0,0.0,0.0,0.0,0.0,0.0,0.0,1.0
595,0,94,0,0.0,0,0.0,0.0,0.0,0.0,0.0,0.0,0.0,1.0
596,0,-30,0,0.0,0,0.0,0.0,0.0,0.0,0.0,0.0,0.0,1.0
597,0,-66,0,0.0,0,0.0,0.0,0.0,0.0,0.0,0.0,0.0,1.0
598,0,94,0,0.0,0,0.0,0.0,0.0,0.0,0.0,0.0,0.0,1.0
599,0,-100,0,0.0,0,0.0,0.0,0.0,0.0,0.0,0.0,0.0,1.0
